dog_ID,dog_cdl_name,fam_phase_2_first_trial_type,fam_phase_3_first_trial_type,condition,breed,sex,castrated,FCI_group,birthdate,test_date,age_months,experience_in_dog_sport,hider,communicator,nr_fam_phase1_trials,nr_fam_phase2_trials,nr_fam_phase3_trials,fam_3_choice_first_relocation_trial,no_choice_trials,tot_nr_fam_trials,choice_letter,choice_colour,breed_recoded,breed_type,training,experimenter_dyad,first_baited_box,z.age,sex.c,condition.c,breed_type.c,first_baited_box.c,training.c
1,Ringo,no_displacement,displacement,control,romagna_water_dog,m,yes,8,15/11/2018,11/09/2024,69,no,VB,LL,2,2,2,B,no,6,A,grey,romagna_water_dog,cooperative,no,LL_VB,grey,0.25079557435628624,0.5416666666666667,-1,-0.125,0.5,-0.75
2,Lina4,displacement,displacement,false_belief,shetland_sheepdog,f,yes,1,10/09/2019,10/09/2024,60,"mantrailing, rally obedience",VB,LL,4,2,2,B,no,8,A,blue,shetland_sheepdog,cooperative,yes,LL_VB,blue,0.004447943337833219,-0.45833333333333326,0,-0.125,-0.5,0.25
3,Benny7,displacement,displacement,false_belief,border_collie,m,no,1,28/06/2013,07/10/2024,135,"dog_dance, shepherd_training",VB,LL,4,2,2,B,no,8,A,blue,border_collie,cooperative,yes,LL_VB,blue,2.0573448684916085,0.5416666666666667,0,-0.125,-0.5,0.25
4,EltonJohn,displacement,no_displacement,false_belief,border_collie,m,no,1,24/03/2022,07/10/2024,30,"dog_dance, shepherd_training",VB,LL,2,2,2,B,no,6,B,blue,border_collie,cooperative,yes,LL_VB,grey,-0.8167108267236769,0.5416666666666667,0,-0.125,0.5,0.25
5,Bucky,displacement,no_displacement,knowledge,appenzell_cattle_dog,m,yes_chip,2,12/02/2022,17/09/2024,31,no,VB,LL,2,3,2,B,2_in_fam_phase_2,7,B,blue,appenzell_cattle_dog,cooperative,no,LL_VB,grey,-0.7893388677216265,0.5416666666666667,1,-0.125,0.5,-0.75
6,Bailey6,displacement,displacement,false_belief,labrador_retriever,f,yes,8,01/08/2017,18/10/2024,86,"mantrailing, dummy",VB,CH,2,2,2,B,no,6,A,blue,labrador_retriever,cooperative,yes,CH_VB,blue,0.716118877391142,-0.45833333333333326,0,-0.125,-0.5,0.25
7,Terence,no_displacement,displacement,false_belief,welsh_corgi_pembroke,m,yes,1,28/03/2019,19/10/2024,66,"lure_training, agility, shepherd_training",GR,VB,2,2,2,B,no,6,B,blue,welsh_corgi,cooperative,yes,VB_GR,grey,0.16867969735013524,0.5416666666666667,0,-0.125,0.5,0.25
8,Woody2,no_displacement,displacement,false_belief,irish_setter,m,no,7,26/04/2019,22/10/2024,65,"mantrailing, obedience, breed_exhibitions, hunting",VB,LL,2,2,2,B,no,6,A,grey,irish_setter,cooperative,yes,LL_VB,grey,0.1413077383480849,0.5416666666666667,0,-0.125,0.5,0.25
9,Ellie,displacement,no_displacement,control,welsh_corgi,f,yes,1,09/09/2020,17/10/2024,49,no,GR,VB,2,3,2,B,no,7,A,grey,welsh_corgi,cooperative,no,VB_GR,grey,-0.2966436056847205,-0.45833333333333326,-1,-0.125,0.5,-0.75
10,Kosmo,no_displacement,displacement,control,welsh_corgi,m,no,1,08/02/2022,17/10/2024,32,no,GR,VB,4,2,3,A,no,9,A,blue,welsh_corgi,cooperative,no,VB_GR,blue,-0.7619669087195763,0.5416666666666667,-1,-0.125,-0.5,-0.75
11,Mabel,no_displacement,no_displacement,false_belief,border_collie,f,no,1,28/01/2022,22/10/2024,32,"obedience, BGH",GR,VB,4,2,2,B,no,8,B,blue,border_collie,cooperative,yes,VB_GR,grey,-0.7619669087195763,-0.45833333333333326,0,-0.125,0.5,0.25
12,Zita2,displacement,no_displacement,control,belgian_shepherd,f,no,1,09/06/2015,18/10/2024,112,"IPO, FH3, ÖPO3",GR,CH,2,3,2,B,no,7,B,blue,belgian_shepherd,cooperative,yes,CH_GR,grey,1.4277898114444507,-0.45833333333333326,-1,-0.125,0.5,0.25
13,Quattro,no_displacement,displacement,control,border_collie,m,no,1,14/01/2024,18/10/2024,9,"obedience, rescue dog",VB,CH,2,2,2,B,no,6,B,blue,border_collie,cooperative,yes,CH_VB,grey,-1.391521965766734,0.5416666666666667,-1,-0.125,0.5,0.25
14,Massimo,displacement,no_displacement,control,hovawart,m,no,2,10/05/2022,19/10/2024,29,no,GR,VB,4,2,4,A,no,10,B,grey,hovawart,cooperative,no,VB_GR,blue,-0.8440827857257273,0.5416666666666667,-1,-0.125,-0.5,-0.75
15,Ella4,no_displacement,no_displacement,control,golden_retriever,f,no,8,11/10/2022,21/10/2024,24,no,GR,CH,2,2,2,B,no,6,B,grey,golden_retriever,cooperative,no,CH_GR,blue,-0.980942580735979,-0.45833333333333326,-1,-0.125,-0.5,-0.75
16,Paddy,no_displacement,no_displacement,control,irish_setter,m,no,7,18/03/2017,22/10/2024,91,"mantrailing, obedience, breed_exhibitions, hunting",VB,LL,2,2,2,B,no,6,A,blue,irish_setter,cooperative,yes,LL_VB,blue,0.8529786724013937,0.5416666666666667,-1,-0.125,-0.5,0.25
17,Allegro2,no_displacement,displacement,knowledge,border_collie,m,no,1,17/05/2013,12/10/2024,136,"agility, BH, BGH1, AG1, AG2,AG3",VB,CH,2,2,2,B,no,6,A,blue,border_collie,cooperative,yes,CH_VB,blue,2.0847168274936587,0.5416666666666667,1,-0.125,-0.5,0.25
18,Saphira4,no_displacement,no_displacement,control,german_shepherd,f,yes,1,11/09/2021,23/10/2024,37,"therapiebegleithund, id_tracking, agility",GR,CH,2,2,2,B,no,6,B,grey,german_shepherd,cooperative,yes,CH_GR,blue,-0.6251071137093246,-0.45833333333333326,-1,-0.125,-0.5,0.25
19,Loomis,displacement,no_displacement,control,golden_retriever,m,no,8,24/09/2020,25/10/2024,49,"mantrailing, cognitive_tasks",GR,VB,4,2,2,B,no,8,B,grey,golden_retriever,cooperative,yes,VB_GR,blue,-0.2966436056847205,0.5416666666666667,-1,-0.125,-0.5,0.25
20,Destino,no_displacement,no_displacement,knowledge,border_collie,m,no,1,21/01/2020,12/10/2024,56,agility,VB,CH,2,2,2,B,no,6,A,grey,border_collie,cooperative,yes,CH_VB,grey,-0.10503989267036813,0.5416666666666667,1,-0.125,0.5,0.25
21,Jaguar,no_displacement,no_displacement,knowledge,dutch_shepherd,m,yes,1,08/12/2014,18/10/2024,118,no,GR,VB,3,2,2,B,no,7,B,blue,dutch_shepherd,cooperative,no,VB_GR,grey,1.5920215654567529,0.5416666666666667,1,-0.125,0.5,-0.75
22,Ivy-Infinity,displacement,displacement,false_belief,labrador_retriever,f,yes,8,14/05/2020,20/10/2024,53,mantrailing,GR,VB,2,2,2,B,no,6,A,blue,labrador_retriever,cooperative,yes,VB_GR,blue,-0.18715576967651915,-0.45833333333333326,0,-0.125,-0.5,0.25
23,Fortuna,no_displacement,no_displacement,false_belief,labrador_retriever,f,yes,8,05/05/2017,24/10/2024,89,diabetes_alert_dog,GR,CH,2,3,2,B,no,7,B,grey,labrador_retriever,cooperative,yes,CH_GR,blue,0.798234754397293,-0.45833333333333326,0,-0.125,-0.5,0.25
24,Savvy,displacement,displacement,control,labrador_retriever,f,yes,8,04/04/2015,27/10/2024,114,no,GR,VB,2,2,2,B,no,6,B,grey,labrador_retriever,cooperative,no,VB_GR,blue,1.4825337294485514,-0.45833333333333326,-1,-0.125,-0.5,-0.75
25,Daisy5,no_displacement,no_displacement,knowledge,golden_retriever,f,no,8,15/05/2020,19/10/2024,53,no,GR,VB,3,2,2,B,no,7,B,grey,golden_retriever,cooperative,no,VB_GR,blue,-0.18715576967651915,-0.45833333333333326,1,-0.125,-0.5,-0.75
26,Loki5,no_displacement,displacement,control,golden_retriever,f,yes,8,26/06/2019,28/10/2024,64,obedience,GR,VB,2,2,2,B,no,6,B,grey,golden_retriever,cooperative,yes,VB_GR,blue,0.11393577934603458,-0.45833333333333326,-1,-0.125,-0.5,0.25
27,Thor3,no_displacement,no_displacement,knowledge,welsh_corgi_pembroke,m,yes,1,30/10/2021,19/10/2024,35,tricktraining,GR,VB,4,2,2,B,no,8,A,blue,welsh_corgi,cooperative,yes,VB_GR,blue,-0.6798510317134252,0.5416666666666667,1,-0.125,-0.5,0.25
28,June3,displacement,no_displacement,control,australian_shepherd,f,yes,1,10/01/2021,28/10/2024,45,mantrailing,GR,VB,2,2,2,B,no,6,A,blue,australian_shepherd,cooperative,yes,VB_GR,blue,-0.40613144169292187,-0.45833333333333326,-1,-0.125,-0.5,0.25
29,Frida3,no_displacement,no_displacement,knowledge,australian_shepherd,f,no,1,07/03/2021,22/10/2024,43,"agility, obedience",GR,VB,2,4,2,B,no,8,B,grey,australian_shepherd,cooperative,yes,VB_GR,blue,-0.46087535969702254,-0.45833333333333326,1,-0.125,-0.5,0.25
30,Emma12,no_displacement,no_displacement,false_belief,labrador_retriever,f,no,8,08/10/2018,26/10/2024,72,"agility, mantrailing, tricks, therapy assistance",VB,CH,2,2,2,B,no,6,A,blue,labrador_retriever,cooperative,yes,CH_VB,blue,0.33291145136243727,-0.45833333333333326,0,-0.125,-0.5,0.25
31,Willi2,displacement,displacement,false_belief,labrador_retriever,m,yes,8,01/10/2022,28/10/2024,24,no,GR,VB,2,2,2,B,no,6,A,grey,labrador_retriever,cooperative,no,VB_GR,grey,-0.980942580735979,0.5416666666666667,0,-0.125,0.5,-0.75
32,Bonja,displacement,displacement,knowledge,schnauzer,f,no,2,12/03/2016,24/10/2024,103,hunting,GR,CH,2,2,2,B,no,6,B,blue,schnauzer,cooperative,yes,CH_GR,grey,1.1814421804259978,-0.45833333333333326,1,-0.125,0.5,0.25
33,Trixi2,no_displacement,displacement,false_belief,schnauzer,f,yes,2,28/02/2014,28/10/2024,128,no,GR,VB,2,2,2,B,no,6,A,blue,schnauzer,cooperative,no,VB_GR,blue,1.865741155477256,-0.45833333333333326,0,-0.125,-0.5,-0.75
34,Cacho,no_displacement,displacement,control,flat_coated_retriever,m,yes,8,25/05/2018,31/10/2024,77,"mantrailing, hoopers, obedience, fMRI",LL,GR,2,3,2,B,no,7,B,blue,flat_coated_retriever,cooperative,yes,GR_LL,grey,0.46977124637268897,0.5416666666666667,-1,-0.125,0.5,0.25
35,Ivy6,displacement,displacement,knowledge,australian_shepherd,f,yes,1,01/06/2021,26/10/2024,40,"agility, therapiebegleithund",VB,CH,4,2,2,B,no,8,A,blue,australian_shepherd,cooperative,yes,CH_VB,blue,-0.5429912367031735,-0.45833333333333326,1,-0.125,-0.5,0.25
36,Dali,no_displacement,displacement,control,border_collie,m,no,1,31/10/2019,01/11/2024,60,"rally, dog_dancing, hunting",CH,VB,2,2,2,B,no,6,A,grey,border_collie,cooperative,yes,VB_CH,grey,0.004447943337833219,0.5416666666666667,-1,-0.125,0.5,0.25
37,Heidi6,displacement,displacement,knowledge,labrador_retriever,f,yes,8,21/10/2022,27/10/2024,24,"therapiebegleithund_in_ausbildung, dummytraining",GR,VB,2,2,2,B,no,6,A,blue,labrador_retriever,cooperative,yes,VB_GR,blue,-0.980942580735979,-0.45833333333333326,1,-0.125,-0.5,0.25
38,Remus,no_displacement,displacement,false_belief,weimaraner,m,no,7,13/01/2024,28/10/2024,9,bgh,GR,VB,4,2,2,B,no,8,B,blue,weimaraner,cooperative,yes,VB_GR,grey,-1.391521965766734,0.5416666666666667,0,-0.125,0.5,0.25
39,Lotte6,displacement,displacement,control,portuguese_water_dog,f,no,8,29/01/2022,01/11/2024,33,therapiebegleithund,VB,CH,2,2,2,B,no,6,A,blue,portuguese_water_dog,cooperative,yes,CH_VB,blue,-0.7345949497175259,-0.45833333333333326,-1,-0.125,-0.5,0.25
40,Balou3,no_displacement,no_displacement,knowledge,brittany_spaniel,m,yes,7,03/02/2016,28/10/2024,104,no,CH,GR,2,2,2,B,no,6,B,grey,brittany_spaniel,cooperative,no,GR_CH,blue,1.208814139428048,0.5416666666666667,1,-0.125,-0.5,-0.75
41,Questa,no_displacement,no_displacement,control,deutsch_langhaar,f,no,7,04/04/2022,01/11/2024,30,hunting,CH,VB,2,2,2,B,no,6,B,blue,german_longhaired_pointer,cooperative,yes,VB_CH,grey,-0.8167108267236769,-0.45833333333333326,-1,-0.125,0.5,0.25
42,Scully3,displacement,displacement,knowledge,golden_retriever,f,no,8,27/03/2023,28/10/2024,19,obedience,GR,VB,3,2,2,B,no,7,B,grey,golden_retriever,cooperative,yes,VB_GR,blue,-1.1178023757462305,-0.45833333333333326,1,-0.125,-0.5,0.25
43,Flynn3,no_displacement,no_displacement,false_belief,shetland_sheepdog,m,no,1,26/04/2024,30/10/2024,6,no,CH,VB,2,2,2,B,no,6,A,blue,shetland_sheepdog,cooperative,no,VB_CH,blue,-1.4736378427728851,0.5416666666666667,0,-0.125,-0.5,-0.75
44,Lotta,no_displacement,displacement,knowledge,romagna_water_dog,f,yes,8,05/10/2018,29/10/2024,72,no,GR,VB,2,2,2,B,no,6,B,blue,romagna_water_dog,cooperative,no,VB_GR,grey,0.33291145136243727,-0.45833333333333326,1,-0.125,0.5,-0.75
45,Chomsky,displacement,no_displacement,false_belief,rottweiler,m,yes,2,17/12/2015,16/10/2024,105,no,VB,CH,2,2,2,B,no,6,A,grey,rottweiler,cooperative,no,CH_VB,grey,1.2361860984300985,0.5416666666666667,0,-0.125,0.5,-0.75
46,Jaimie,no_displacement,no_displacement,knowledge,border_collie,m,no,1,06/06/2019,30/10/2024,64,"agility, obedience",VB,CH,2,2,2,B,no,6,A,grey,border_collie,cooperative,yes,CH_VB,grey,0.11393577934603458,0.5416666666666667,1,-0.125,0.5,0.25
47,Finley,displacement,no_displacement,control,shetland_sheepdog,m,no,1,17/07/2017,04/11/2024,87,"obedience, dummy_training, mantrailing, rally",LL,GR,4,2,2,B,no,8,B,grey,shetland_sheepdog,cooperative,yes,GR_LL,blue,0.7434908363931924,0.5416666666666667,-1,-0.125,-0.5,0.25
48,Ben2,displacement,displacement,control,english_springer_spaniel,m,yes,8,07/04/2012,05/11/2024,150,"agility, tricks",CH,VB,2,2,2,B,no,6,B,grey,english_springer_spaniel,cooperative,yes,VB_CH,blue,2.4679242535223636,0.5416666666666667,-1,-0.125,-0.5,0.25
49,Zazou3,displacement,no_displacement,knowledge,labrador_retriever,f,yes,8,23/06/2019,07/10/2024,63,"therapy dog, search_training",VB,LL,2,3,3,B,no,8,A,grey,labrador_retriever,cooperative,yes,LL_VB,grey,0.08656382034398423,-0.45833333333333326,1,-0.125,0.5,0.25
50,Pinu'u,displacement,displacement,knowledge,shetland_sheepdog,m,no,1,29/08/2023,04/11/2024,14,"obedience, mantrailing",LL,GR,2,2,2,B,no,6,B,blue,shetland_sheepdog,cooperative,yes,GR_LL,grey,-1.2546621707564822,0.5416666666666667,1,-0.125,0.5,0.25
51,Heidi7,displacement,displacement,false_belief,portuguese_water_dog,f,yes,8,08/10/2018,31/10/2024,72,assistance_dog_training,LL,GR,2,2,2,B,no,6,B,grey,portuguese_water_dog,cooperative,yes,GR_LL,blue,0.33291145136243727,-0.45833333333333326,0,-0.125,-0.5,0.25
52,Arko2,no_displacement,displacement,knowledge,labrador_retriever,m,yes,8,17/04/2014,31/10/2024,126,no,CH,LL,2,2,2,B,no,6,B,grey,labrador_retriever,cooperative,no,LL_CH,blue,1.8109972374731553,0.5416666666666667,1,-0.125,-0.5,-0.75
53,Bud,displacement,displacement,false_belief,welsh_corgi_pembroke,m,yes,1,28/03/2024,03/11/2024,7,no,VB,GR,2,2,2,B,no,6,B,blue,welsh_corgi,cooperative,no,GR_VB,grey,-1.4462658837708346,0.5416666666666667,0,-0.125,0.5,-0.75
54,Buddy9,no_displacement,displacement,knowledge,german_short_haired_pointer,m,yes,7,01/06/2018,04/11/2024,77,therapiebegleithund,LL,GR,2,2,4,A,no,8,B,blue,german_short_haired_pointer,cooperative,yes,GR_LL,grey,0.46977124637268897,0.5416666666666667,1,-0.125,0.5,0.25
55,Leia3,displacement,displacement,false_belief,welsh_corgi_pembroke,f,yes,1,29/06/2021,03/11/2024,40,no,VB,GR,2,2,2,B,no,6,A,grey,welsh_corgi,cooperative,no,GR_VB,grey,-0.5429912367031735,-0.45833333333333326,0,-0.125,0.5,-0.75
56,Adele,no_displacement,displacement,false_belief,romagna_water_dog,f,no,8,06/06/2020,04/11/2024,52,therapiebegleithund,LL,GR,2,2,2,B,no,6,B,grey,romagna_water_dog,cooperative,yes,GR_LL,blue,-0.21452772867856948,-0.45833333333333326,0,-0.125,-0.5,0.25
57,Curly2,displacement,no_displacement,false_belief,border_collie,m,no,1,13/07/2021,05/11/2024,39,"therapiebegleithund, obedience, dummytraining",CH,VB,2,2,2,B,no,6,A,blue,border_collie,cooperative,yes,VB_CH,blue,-0.5703631957052239,0.5416666666666667,0,-0.125,-0.5,0.25
58,Arany,no_displacement,displacement,knowledge,welsh_corgi_cardigan ,f,no,1,20/04/2021,08/11/2024,42,"IBGH2, rally, obedience, hoopers",VB,CH,4,2,2,B,no,8,B,grey,welsh_corgi,cooperative,yes,CH_VB,blue,-0.48824731869907284,-0.45833333333333326,1,-0.125,-0.5,0.25
59,Phil,displacement,displacement,control,australian_shepherd,m,no,1,24/11/2022,09/11/2024,23,"rally, obedience, therapiehund_in_ausbildung, agility",VB,CH,2,2,2,B,no,6,B,blue,australian_shepherd,cooperative,yes,CH_VB,grey,-1.0083145397380293,0.5416666666666667,-1,-0.125,0.5,0.25
60,Noomi2,no_displacement,displacement,false_belief,portuguese_water_dog,f,no,8,10/11/2021,09/11/2024,35,"hoopers, agility",VB,GR,2,2,2,B,no,6,B,grey,portuguese_water_dog,cooperative,yes,GR_VB,blue,-0.6798510317134252,-0.45833333333333326,0,-0.125,-0.5,0.25
61,Gundi,displacement,no_displacement,control,labrador_retriever,f,no,8,21/06/2022,09/11/2024,28,dummy_training,VB,GR,2,2,2,B,no,6,A,grey,labrador_retriever,cooperative,yes,GR_VB,grey,-0.8714547447277776,-0.45833333333333326,-1,-0.125,0.5,0.25
62,Edhard,no_displacement,no_displacement,control,danish_swedish_farmdog,m,no,2,01/03/2023,10/11/2024,20,no,VB,GR,2,2,2,B,no,6,A,blue,danish_swedish_farmdog,cooperative,no,GR_VB,blue,-1.0904304167441803,0.5416666666666667,-1,-0.125,-0.5,-0.75
63,Garou,displacement,displacement,control,german_shepherd,m,no,1,09/03/2024,10/11/2024,8,"mantrailing, obedience",VB,GR,5,2,2,B,no,9,B,blue,german_shepherd,cooperative,yes,GR_VB,grey,-1.4188939247687844,0.5416666666666667,-1,-0.125,0.5,0.25
64,Abby5,displacement,displacement,control,kleiner_muensterlaender,f,no,7,19/08/2021,10/11/2024,38,"dummy, hunting",VB,GR,2,2,2,B,no,6,A,blue,kleiner_muensterlaender,cooperative,yes,GR_VB,blue,-0.5977351547072742,-0.45833333333333326,-1,-0.125,-0.5,0.25
65,Kirsi,displacement,no_displacement,knowledge,portuguese_water_dog,f,no,8,04/06/2023,09/11/2024,17,"hoopers, agility",VB,GR,2,2,2,B,no,6,A,blue,portuguese_water_dog,cooperative,yes,GR_VB,blue,-1.1725462937503313,-0.45833333333333326,1,-0.125,-0.5,0.25
66,Patack,no_displacement,displacement,knowledge,portuguese_water_dog,m,no,8,26/04/2024,09/11/2024,6,no,VB,GR,2,4,2,B,no,9,A,blue,portuguese_water_dog,cooperative,no,GR_VB,blue,-1.4736378427728851,0.5416666666666667,1,-0.125,-0.5,-0.75
67,Dora,no_displacement,displacement,knowledge,labrador_retriever,f,no,8,11/05/2015,09/11/2024,113,dummy_training,VB,GR,2,2,2,B,no,6,B,blue,labrador_retriever,cooperative,yes,GR_VB,grey,1.4551617704465012,-0.45833333333333326,1,-0.125,0.5,0.25
68,Bo,no_displacement,displacement,false_belief,border_collie,m,no,1,08/11/2020,09/11/2024,48,"obedience, agility",VB,GR,2,2,2,B,no,6,B,blue,border_collie,cooperative,yes,GR_VB,grey,-0.32401556468677084,0.5416666666666667,0,-0.125,0.5,0.25
69,Moon2,displacement,no_displacement,control,australian_shepherd,f,no,1,31/10/2021,12/11/2024,36,hoopers,LL,VB,3,2,2,B,no,7,B,grey,australian_shepherd,cooperative,yes,VB_LL,grey,-0.6524790727113748,-0.45833333333333326,-1,-0.125,0.5,0.25
70,Leia5,displacement,no_displacement,control,labrador_retriever,f,no,8,17/07/2017,13/11/2024,87,mantrailing,GR,LL,2,2,2,B,no,6,B,blue,labrador_retriever,cooperative,yes,LL_GR,grey,0.7434908363931924,-0.45833333333333326,-1,-0.125,0.5,0.25
71,Gustl2,no_displacement,no_displacement,knowledge,laekenois,m,no,1,07/11/2020,10/11/2024,48,"protection_training, ibgh2, rally_obedience",VB,GR,2,2,2,B,no,6,A,grey,belgian_shepherd,cooperative,yes,GR_VB,grey,-0.32401556468677084,0.5416666666666667,1,-0.125,0.5,0.25
72,Kira17,displacement,no_displacement,knowledge,mudi,f,yes,1,30/04/2019,11/11/2024,66,"rally_obedience, trickdog",LL,GR,2,2,2,B,no,6,B,blue,mudi,cooperative,yes,GR_LL,grey,0.16867969735013524,-0.45833333333333326,1,-0.125,0.5,0.25
73,Thorin,displacement,no_displacement,false_belief,flat_coated_retriever,m,yes,8,19/02/2020,10/11/2024,56,obedience,VB,GR,4,2,2,B,no,8,B,blue,flat_coated_retriever,cooperative,yes,GR_VB,grey,-0.10503989267036813,0.5416666666666667,0,-0.125,0.5,0.25
74,Kunibert,displacement,no_displacement,knowledge,giant_schnauzer,m,no,2,20/07/2023,12/11/2024,15,"mantrailing, obedience, protection_training",VB,GR,2,2,2,B,no,6,B,grey,schnauzer,cooperative,yes,GR_VB,blue,-1.227290211754432,0.5416666666666667,1,-0.125,-0.5,0.25
75,Lilly16,displacement,displacement,control,bernese_mountain_dog,f,no,2,19/01/2024,15/11/2024,9,no,CH,GR,2,2,2,B,no,6,A,blue,bernese_mountain_dog,cooperative,no,GR_CH,blue,-1.391521965766734,-0.45833333333333326,-1,-0.125,-0.5,-0.75
76,Rio,displacement,displacement,knowledge,hungarian_shorthaired_pointer,f,no,7,27/03/2021,15/11/2024,43,jagdhundeprüfung,CH,GR,2,2,2,B,no,6,A,grey,hungarian_shorthaired_pointer,cooperative,yes,GR_CH,grey,-0.46087535969702254,-0.45833333333333326,1,-0.125,0.5,0.25
77,Grady,displacement,displacement,control,border_collie,m,no,1,11/03/2019,15/11/2024,68,"agility, rally, obedience",CH,VB,2,3,2,B,no,7,A,grey,border_collie,cooperative,yes,VB_CH,grey,0.2234236153542359,0.5416666666666667,-1,-0.125,0.5,0.25
78,Cookie11,displacement,no_displacement,false_belief,kleiner_muensterlaender,f,yes,7,24/04/2018,10/11/2024,78,"dummy, hunting",VB,GR,2,2,2,B,no,6,B,blue,kleiner_muensterlaender,cooperative,yes,GR_VB,grey,0.49714320537473927,-0.45833333333333326,0,-0.125,0.5,0.25
79,Fee,displacement,no_displacement,false_belief,french_water_dog,f,no,8,07/04/2023,28/02/2025,22,no,LL,VB,4,2,2,B,1_in_phase1,8,A,blue,french_water_dog,cooperative,no,VB_LL,blue,-1.0356864987400796,-0.45833333333333326,0,-0.125,-0.5,-0.75
80,Onyx,displacement,no_displacement,false_belief,german_shepherd,m,no,1,06/06/2018,12/11/2024,77,obedience,VB,GR,4,2,2,B,no,8,A,grey,german_shepherd,cooperative,yes,GR_VB,grey,0.46977124637268897,0.5416666666666667,0,-0.125,0.5,0.25
81,Brandy2,no_displacement,displacement,knowledge,border_collie,m,yes,1,26/04/2020,15/11/2024,54,obedience,CH,VB,2,2,2,B,no,6,B,blue,border_collie,cooperative,yes,VB_CH,grey,-0.1597838106744688,0.5416666666666667,1,-0.125,0.5,0.25
82,Bonda,displacement,no_displacement,knowledge,entlebucher_mountain_dog,f,no,2,27/07/2019,17/11/2024,63,"dogdance, fungility",VB,GR,2,2,2,B,no,6,B,grey,entlebucher_mountain_dog,cooperative,yes,GR_VB,blue,0.08656382034398423,-0.45833333333333326,1,-0.125,-0.5,0.25
83,Maika,no_displacement,no_displacement,control,austrian_pinscher,f,no,2,03/06/2016,19/11/2024,101,no,GR,LL,2,2,2,B,no,6,A,blue,austrian_pinscher,cooperative,no,LL_GR,blue,1.126698262421897,-0.45833333333333326,-1,-0.125,-0.5,-0.75
84,Ivan,no_displacement,no_displacement,false_belief,beagle,m,no,6,03/05/2021,14/11/2024,42,no,CH,GR,2,2,2,B,no,6,A,grey,beagle,independent,no,GR_CH,grey,-0.48824731869907284,0.5416666666666667,0,0.875,0.5,-0.75
85,Dasha,no_displacement,displacement,control,bouvier_des_flandres,f,yes,1,23/03/2017,22/11/2024,91,therapiehund,LL,CH,2,2,2,B,no,6,B,grey,bouvier_des_flandres,cooperative,yes,CH_LL,blue,0.8529786724013937,-0.45833333333333326,-1,-0.125,-0.5,0.25
86,Mila4,no_displacement,no_displacement,false_belief,portuguese_water_dog,f,no,8,10/11/2021,17/11/2024,36,dummy_training,VB,GR,2,2,2,B,no,6,B,blue,portuguese_water_dog,cooperative,yes,GR_VB,grey,-0.6524790727113748,-0.45833333333333326,0,-0.125,0.5,0.25
87,Toni,no_displacement,no_displacement,control,beagle,f,yes,6,05/05/2017,22/11/2024,90,"fungility, fährtentrainig",CH,LL,2,2,2,B,no,6,A,grey,beagle,independent,yes,LL_CH,grey,0.8256067133993433,-0.45833333333333326,-1,0.875,0.5,0.25
88,Priya,displacement,displacement,false_belief,border_collie,f,no,1,19/07/2021,18/11/2024,39,"rettungshund,obedience",CH,VB,3,2,2,B,no,7,B,blue,border_collie,cooperative,yes,VB_CH,grey,-0.5703631957052239,-0.45833333333333326,0,-0.125,0.5,0.25
89,Mickey3,displacement,no_displacement,knowledge,beagle,f,yes,6,06/02/2015,17/11/2024,117,no,VB,GR,4,2,2,B,no,8,A,blue,beagle,independent,no,GR_VB,blue,1.5646496064547024,-0.45833333333333326,1,0.875,-0.5,-0.75
90,Bugsy,displacement,displacement,control,welsh_corgi_cardigan ,m,yes,1,28/01/2020,23/11/2024,57,no,VB,GR,4,3,2,B,1_in_phase_2,9,B,blue,welsh_corgi,cooperative,no,GR_VB,grey,-0.0776679336683178,0.5416666666666667,-1,-0.125,0.5,-0.75
91,Nimo,no_displacement,no_displacement,control,border_collie,m,yes,1,21/06/2019,24/11/2024,65,"rally_obedience, agility, herding",GR,CH,4,4,2,B,no,10,B,blue,border_collie,cooperative,yes,CH_GR,grey,0.1413077383480849,0.5416666666666667,-1,-0.125,0.5,0.25
92,Woody4,displacement,displacement,knowledge,flat_coated_retriever,m,no,8,02/07/2020,19/11/2024,52,trail,LL,VB,2,2,2,B,no,6,B,grey,flat_coated_retriever,cooperative,yes,VB_LL,blue,-0.21452772867856948,0.5416666666666667,1,-0.125,-0.5,0.25
93,Joey4,no_displacement,displacement,false_belief,border_collie,m,yes,1,30/10/2013,18/11/2024,132,"rettungshund,obedience",CH,VB,2,3,2,B,no,7,B,grey,border_collie,cooperative,yes,VB_CH,blue,1.9752289914854573,0.5416666666666667,0,-0.125,-0.5,0.25
94,Naya2,displacement,displacement,knowledge,golden_retriever,f,no,8,13/05/2022,19/11/2024,30,"dummy_training, dogdance, trail",LL,VB,4,2,2,B,no,8,B,blue,golden_retriever,cooperative,yes,VB_LL,grey,-0.8167108267236769,-0.45833333333333326,1,-0.125,0.5,0.25
95,Charly5,displacement,no_displacement,false_belief,spanish_water_dog,m,yes,8,25/08/2016,20/11/2024,98,obedience,CH,LL,4,2,2,B,no,8,A,blue,spanish_water_dog,cooperative,yes,LL_CH,blue,1.044582385415746,0.5416666666666667,0,-0.125,-0.5,0.25
96,Ulla,no_displacement,displacement,false_belief,labrador_retriever,f,yes,8,11/02/2017,22/11/2024,93,assistenzhund,LL,CH,2,2,2,B,no,6,A,grey,labrador_retriever,cooperative,yes,CH_LL,grey,0.9077225904054944,-0.45833333333333326,0,-0.125,0.5,0.25
97,Waleria,no_displacement,no_displacement,false_belief,german_pinscher,f,no,2,12/07/2020,23/11/2024,52,"ibgh, rally_obedience, showdog",VB,GR,2,2,2,B,no,6,A,blue,german_pinscher,cooperative,yes,GR_VB,blue,-0.21452772867856948,-0.45833333333333326,0,-0.125,-0.5,0.25
98,Toby2,no_displacement,displacement,knowledge,golden_retriever,m,yes,8,03/06/2013,23/11/2024,137,no,VB,GR,2,2,2,B,no,6,A,grey,golden_retriever,cooperative,no,GR_VB,grey,2.112088786495709,0.5416666666666667,1,-0.125,0.5,-0.75
99,Gina10,no_displacement,no_displacement,false_belief,silken_windsprite,f,no,10,20/03/2024,24/11/2024,8,no,GR,CH,4,2,2,B,no,8,B,blue,silken_windsprite,independent,no,CH_GR,grey,-1.4188939247687844,-0.45833333333333326,0,0.875,0.5,-0.75
100,Chester5,displacement,no_displacement,knowledge,border_collie,m,no,1,29/04/2021,19/04/2024,35,mantrailing,VB,GR,4,3,4,A,no,11,B,blue,border_collie,cooperative,yes,GR_VB,grey,-0.6798510317134252,0.5416666666666667,1,-0.125,0.5,0.25
101,Finch2,no_displacement,displacement,control,labrador_retriever,m,no,8,23/03/2015,24/11/2024,116,hunting,GR,CH,4,3,3,no_choice_then_B,"1_in_phase_2, 1_in_phase_3",10,B,grey,labrador_retriever,cooperative,yes,CH_GR,blue,1.5372776474526522,0.5416666666666667,-1,-0.125,-0.5,0.25
102,Timmy4,no_displacement,displacement,control,portuguese_water_dog,m,yes,8,22/12/2016,25/11/2024,95,"agility,obedience",LL,CH,3,2,2,B,no,7,A,grey,portuguese_water_dog,cooperative,yes,CH_LL,grey,0.962466508409595,0.5416666666666667,-1,-0.125,0.5,0.25
103,Suri5,no_displacement,no_displacement,control,malinois,f,no,1,20/12/2011,28/11/2024,155,"agility, obedience",CH,LL,4,2,2,B,no,8,A,grey,belgian_shepherd,cooperative,yes,LL_CH,grey,2.6047840485326152,-0.45833333333333326,-1,-0.125,0.5,0.25
104,Paulinchen,displacement,no_displacement,knowledge,border_collie,f,no,1,30/04/2024,24/11/2024,6,"therapiebegleithund, mantrailing, obedience",GR,CH,4,2,2,B,no,8,A,grey,border_collie,cooperative,yes,CH_GR,grey,-1.4736378427728851,-0.45833333333333326,1,-0.125,0.5,0.25
105,Linus3,displacement,no_displacement,false_belief,border_collie,m,no,1,25/08/2015,27/11/2024,111,no,LL,CH,2,2,2,B,no,6,B,grey,border_collie,cooperative,no,CH_LL,blue,1.4004178524424005,0.5416666666666667,0,-0.125,-0.5,-0.75
106,Papaya,displacement,no_displacement,knowledge,border_collie,f,no,1,23/05/2024,24/11/2024,6,obedience,GR,CH,4,4,2,B,no,10,B,grey,border_collie,cooperative,yes,CH_GR,blue,-1.4736378427728851,-0.45833333333333326,1,-0.125,-0.5,0.25
107,Tenya,no_displacement,displacement,knowledge,collie,f,no,1,13/03/2016,27/11/2024,104,therapiebegleithund,LL,CH,4,2,2,B,no,8,B,grey,collie,cooperative,yes,CH_LL,blue,1.208814139428048,-0.45833333333333326,1,-0.125,-0.5,0.25
108,Luna40,no_displacement,no_displacement,false_belief,labrador_retriever,f,yes,8,03/12/2021,28/11/2024,35,no,GR,LL,2,2,2,B,no,6,B,grey,labrador_retriever,cooperative,no,LL_GR,blue,-0.6798510317134252,-0.45833333333333326,0,-0.125,-0.5,-0.75
109,Oonagh,no_displacement,displacement,control,labrador_retriever,f,no,8,24/10/2020,28/11/2024,49,no,GR,LL,2,2,2,B,no,6,A,grey,labrador_retriever,cooperative,no,LL_GR,grey,-0.2966436056847205,-0.45833333333333326,-1,-0.125,0.5,-0.75
110,Loki6,displacement,displacement,false_belief,great_swiss_mountain_dog,m,yes,2,22/07/2015,29/11/2024,112,"rally_obedience, mantrailing",CH,GR,4,2,2,B,no,8,B,grey,great_swiss_mountain_dog,cooperative,yes,GR_CH,blue,1.4277898114444507,0.5416666666666667,0,-0.125,-0.5,0.25
111,Kiwi6,displacement,displacement,false_belief,labrador_retriever,f,no,8,16/08/2023,30/11/2024,15,"ibgh1, mantrailing",GR,VB,4,2,2,B,no,8,A,blue,labrador_retriever,cooperative,yes,VB_GR,blue,-1.227290211754432,-0.45833333333333326,0,-0.125,-0.5,0.25
112,Ambiano,displacement,no_displacement,false_belief,picardy_spaniel,m,no,7,24/04/2017,02/12/2024,91,mantrailing,CH,GR,2,2,4,A,no,8,B,blue,picardy_spaniel,cooperative,yes,GR_CH,grey,0.8529786724013937,0.5416666666666667,0,-0.125,0.5,0.25
113,Pia3,displacement,no_displacement,knowledge,whippet,f,yes,10,08/11/2016,28/11/2024,96,"agility, obedience",CH,LL,2,4,2,B,no,8,A,grey,whippet,independent,yes,LL_CH,grey,0.9898384674116454,-0.45833333333333326,1,0.875,0.5,0.25
114,Madoc,displacement,displacement,false_belief,welsh_corgi_pembroke,m,yes,1,07/10/2014,06/12/2024,121,no,GR,VB,2,4,2,B,no,8,B,grey,welsh_corgi,cooperative,no,VB_GR,blue,1.6741374424629039,0.5416666666666667,0,-0.125,-0.5,-0.75
115,Lilly17,no_displacement,displacement,false_belief,welsh_corgi_pembroke,f,no,1,02/06/2021,08/12/2024,42,no,GR,VB,2,3,2,B,no,7,B,blue,welsh_corgi,cooperative,no,VB_GR,grey,-0.48824731869907284,-0.45833333333333326,0,-0.125,0.5,-0.75
116,Juri,no_displacement,displacement,false_belief,labrador_retriever,m,yes,1,16/08/2021,11/12/2024,39,signaldog,GR,VB,2,2,2,B,no,6,A,grey,labrador_retriever,cooperative,yes,VB_GR,grey,-0.5703631957052239,0.5416666666666667,0,-0.125,0.5,0.25
117,Lenny4,displacement,no_displacement,control,canarian_warrenhound,m,yes,5,15/07/2014,30/11/2024,124,"obedience, dogdiving, frisbee, wasserarbeit",GR,VB,2,2,2,B,no,6,B,blue,canarian_warrenhound,independent,yes,VB_GR,grey,1.7562533194690546,0.5416666666666667,-1,0.875,0.5,0.25
118,Holly10,no_displacement,displacement,control,bernese_mountain_dog,f,yes,2,03/05/2019,01/12/2024,66,therapiebegleithund,CH,VB,2,2,2,B,no,6,B,grey,bernese_mountain_dog,cooperative,yes,VB_CH,blue,0.16867969735013524,-0.45833333333333326,-1,-0.125,-0.5,0.25
119,NaNu,no_displacement,no_displacement,false_belief,hovawart,f,no,2,13/07/2021,01/12/2024,40,"obedience, mantrailing",VB,CH,2,2,2,B,no,6,A,grey,hovawart,cooperative,yes,CH_VB,grey,-0.5429912367031735,-0.45833333333333326,0,-0.125,0.5,0.25
120,Pauli6,displacement,no_displacement,control,labrador_retriever,m,yes,8,21/07/2021,11/12/2024,40,signaldog,GR,VB,2,2,4,A,no,8,B,blue,labrador_retriever,cooperative,yes,VB_GR,grey,-0.5429912367031735,0.5416666666666667,-1,-0.125,0.5,0.25
121,Happy6,no_displacement,displacement,control,golden_retriever,f,no,8,02/11/2022,07/12/2024,25,"bhvt, dummytraining",VB,GR,2,4,2,B,no,8,B,blue,golden_retriever,cooperative,yes,GR_VB,grey,-0.9535706217339286,-0.45833333333333326,-1,-0.125,0.5,0.25
122,Pumba,displacement,no_displacement,control,border_collie,m,yes,1,13/04/2012,08/12/2024,151,no,VB,GR,2,2,2,B,no,6,A,blue,border_collie,cooperative,no,GR_VB,blue,2.495296212524414,0.5416666666666667,-1,-0.125,-0.5,-0.75
123,Yui,no_displacement,no_displacement,control,welsh_corgi,f,yes,1,14/08/2021,09/12/2024,39,agility,GR,LL,3,2,2,B,no,7,A,blue,welsh_corgi,cooperative,yes,LL_GR,blue,-0.5703631957052239,-0.45833333333333326,-1,-0.125,-0.5,0.25
124,Loki2,no_displacement,no_displacement,control,australian_shepherd,m,no,1,09/04/2017,14/12/2024,92,agility,VB,GR,2,2,2,B,no,6,B,grey,australian_shepherd,cooperative,yes,GR_VB,blue,0.880350631403444,0.5416666666666667,-1,-0.125,-0.5,0.25
125,Gandalf,no_displacement,displacement,knowledge,andalusian_hound,m,yes,5,14/07/2019,30/11/2024,64,"rally_obedience, wasserarbeit",GR,VB,3,4,4,A,no,11,A,blue,andalusian_hound,independent,yes,VB_GR,blue,0.11393577934603458,0.5416666666666667,1,0.875,-0.5,0.25
126,Sofia2,no_displacement,no_displacement,control,welsh_corgi_pembroke,f,no,1,27/11/2018,14/12/2024,72,no,VB,GR,2,2,2,B,no,6,B,grey,welsh_corgi,cooperative,no,GR_VB,blue,0.33291145136243727,-0.45833333333333326,-1,-0.125,-0.5,-0.75
127,Silva,displacement,no_displacement,control,german_shepherd,f,yes,2,11/10/2020,16/12/2024,50,detectiondog,CH,VB,2,3,4,A,no,9,A,blue,german_shepherd,cooperative,yes,VB_CH,blue,-0.2692716466826702,-0.45833333333333326,-1,-0.125,-0.5,0.25
128,Henri,no_displacement,no_displacement,knowledge,border_collie,m,no,1,31/12/2023,07/12/2024,11,trickdog,VB,GR,2,2,2,B,no,6,B,blue,border_collie,cooperative,yes,GR_VB,grey,-1.3367780477626334,0.5416666666666667,1,-0.125,0.5,0.25
129,Ginger9,no_displacement,no_displacement,knowledge,golden_retriever,f,yes,8,17/03/2021,07/12/2024,44,"dummy, therapiebegleithund, obedience",VB,GR,2,2,2,B,no,6,A,grey,golden_retriever,cooperative,yes,GR_VB,grey,-0.4335034006949722,-0.45833333333333326,1,-0.125,0.5,0.25
130,Poppy4,displacement,displacement,false_belief,welsh_corgi_pembroke,f,no,1,10/10/2020,13/12/2024,50,"trickdog, obedience",VB,GR,2,3,2,B,no,7,B,grey,welsh_corgi,cooperative,yes,GR_VB,blue,-0.2692716466826702,-0.45833333333333326,0,-0.125,-0.5,0.25
131,Mia7,no_displacement,no_displacement,false_belief,golden_retriever,f,no,8,30/04/2017,13/12/2024,91,therapy_dog,VB,GR,2,2,2,B,no,6,B,grey,golden_retriever,cooperative,yes,GR_VB,blue,0.8529786724013937,-0.45833333333333326,0,-0.125,-0.5,0.25
132,Veri,displacement,displacement,control,whippet,f,no,10,01/04/2022,11/12/2024,32,no,GR,VB,2,3,2,B,no,7,A,blue,whippet,independent,no,VB_GR,blue,-0.7619669087195763,-0.45833333333333326,-1,0.875,-0.5,-0.75
133,Lola9,no_displacement,no_displacement,knowledge,golden_retriever,f,yes,8,23/09/2014,07/12/2024,122,"bhvt, dummytraining, therapiebegleithund",VB,GR,4,2,2,B,no,8,A,blue,golden_retriever,cooperative,yes,GR_VB,blue,1.701509401464954,-0.45833333333333326,1,-0.125,-0.5,0.25
134,Mogli2,no_displacement,displacement,control,border_collie,m,no,1,24/12/2011,16/12/2024,155,no,CH,VB,4,2,2,B,no,8,B,grey,border_collie,cooperative,no,VB_CH,blue,2.6047840485326152,0.5416666666666667,-1,-0.125,-0.5,-0.75
135,Lou2,no_displacement,no_displacement,knowledge,border_collie,f,yes,1,08/12/2018,28/02/2025,74,"BGH3, Obedience2; stöbern2; Rettungshund; Lavine; scent detection (bed bugs and molds)",LL,VB,2,2,2,B,no,6,B,grey,border_collie,cooperative,yes,VB_LL,blue,0.38765536936653794,-0.45833333333333326,1,-0.125,-0.5,0.25
136,Sully,displacement,no_displacement,control,welsh_corgi_pembroke,m,no,1,07/10/2022,17/12/2024,26,no,CH,VB,2,2,2,B,1_in_testtrial,6,B,grey,welsh_corgi,cooperative,no,VB_CH,blue,-0.9261986627318782,0.5416666666666667,-1,-0.125,-0.5,-0.75
137,Winston4,no_displacement,no_displacement,knowledge,welsh_corgi_pembroke,m,yes,1,28/02/2019,13/12/2024,69,no,VB,GR,3,2,4,A,no,9,B,grey,welsh_corgi,cooperative,no,GR_VB,blue,0.25079557435628624,0.5416666666666667,1,-0.125,-0.5,-0.75
138,Leula,no_displacement,no_displacement,false_belief,nova_scotia_duck_tolling_retriever,f,no,8,31/05/2024,16/12/2024,6,no,CH,VB,2,2,2,B,no,6,A,blue,nova_scotia_duck_tolling_retriever,cooperative,no,VB_CH,blue,-1.4736378427728851,-0.45833333333333326,0,-0.125,-0.5,-0.75
139,Benny8,displacement,displacement,false_belief,welsh_corgi_pembroke,m,no,1,21/11/2022,17/12/2024,24,no,CH,VB,2,2,2,B,no,6,B,blue,welsh_corgi,cooperative,no,VB_CH,grey,-0.980942580735979,0.5416666666666667,0,-0.125,0.5,-0.75
140,Paula3,displacement,displacement,knowledge,appenzell_cattle_dog,f,yes,2,14/10/2017,13/12/2024,85,no,VB,GR,2,2,2,B,no,6,A,grey,appenzell_cattle_dog,cooperative,no,GR_VB,grey,0.6887469183890916,-0.45833333333333326,1,-0.125,0.5,-0.75
141,Harvey,no_displacement,displacement,false_belief,border_collie,m,no,1,16/02/2020,20/11/2024,57,"rally_obedience, agility",CH,LL,2,2,2,B,no,6,B,grey,border_collie,cooperative,yes,LL_CH,blue,-0.0776679336683178,0.5416666666666667,0,-0.125,-0.5,0.25
142,Lillibeth,no_displacement,displacement,control,border_collie,f,no,1,02/04/2022,03/01/2025,33,agility,LL,CH,2,2,2,B,no,6,A,grey,border_collie,cooperative,yes,CH_LL,grey,-0.7345949497175259,-0.45833333333333326,-1,-0.125,0.5,0.25
143,Duke5,displacement,displacement,knowledge,welsh_corgi_pembroke,m,no,1,30/07/2020,14/12/2024,52,"ibgh1, stöbern, mantrailing, cavaletti, longieren",VB,GR,2,3,2,B,1_in_phase_2,7,A,blue,welsh_corgi,cooperative,yes,GR_VB,blue,-0.21452772867856948,0.5416666666666667,1,-0.125,-0.5,0.25
144,Lumi2,no_displacement,displacement,control,romagna_water_dog,f,no,8,11/07/2022,05/01/2025,29,"mantrailing, hoopers, ziel_objekt_suche",CH,VB,2,2,2,B,no,6,A,grey,romagna_water_dog,cooperative,yes,VB_CH,grey,-0.8440827857257273,-0.45833333333333326,-1,-0.125,0.5,0.25
145,OhanaJolani,displacement,displacement,knowledge,border_collie,f,no,1,24/10/2021,14/12/2024,37,"hoopers, tricktraining",VB,GR,2,2,2,B,no,6,A,blue,border_collie,cooperative,yes,GR_VB,blue,-0.6251071137093246,-0.45833333333333326,1,-0.125,-0.5,0.25
146,Nero3,no_displacement,displacement,false_belief,malinois,m,no,2,08/08/2023,16/12/2024,16,detectiondog,CH,VB,2,2,2,B,no,6,B,blue,belgian_shepherd,cooperative,yes,VB_CH,grey,-1.1999182527523817,0.5416666666666667,0,-0.125,0.5,0.25
147,Whoopi,displacement,displacement,control,flat_coated_retriever,f,no,8,17/08/2023,06/01/2025,16,therapydog_in_training,CH,LL,2,2,2,B,no,6,A,blue,flat_coated_retriever,cooperative,yes,LL_CH,blue,-1.1999182527523817,-0.45833333333333326,-1,-0.125,-0.5,0.25
148,Mato,no_displacement,no_displacement,knowledge,malinois,m,yes,1,22/07/2017,17/12/2024,88,rescuedog,VB,CH,2,2,2,B,no,6,B,grey,belgian_shepherd,cooperative,yes,CH_VB,blue,0.7708627953952427,0.5416666666666667,1,-0.125,-0.5,0.25
149,Scotty3,no_displacement,no_displacement,control,welsh_corgi_pembroke,m,no,1,21/07/2021,09/01/2025,41,"showdog,treibball",VB,CH,2,4,2,B,no,8,B,blue,welsh_corgi,cooperative,yes,CH_VB,grey,-0.5156192777011231,0.5416666666666667,-1,-0.125,0.5,0.25
150,Pixie3,displacement,displacement,knowledge,miniature_american_shepherd,f,no,1,02/03/2024,18/12/2024,9,"agility,mantrailing",VB,CH,2,2,3,B,no,7,B,grey,miniature_american_shepherd,cooperative,yes,CH_VB,blue,-1.391521965766734,-0.45833333333333326,1,-0.125,-0.5,0.25
151,Kairi,no_displacement,no_displacement,false_belief,siberian_husky,f,yes,5,22/06/2017,17/12/2024,89,no,CH,VB,3,2,2,B,no,7,B,grey,siberian_husky,independent,no,VB_CH,blue,0.798234754397293,-0.45833333333333326,0,0.875,-0.5,-0.75
152,Yuma,no_displacement,displacement,knowledge,white_swiss_shepherd,m,no,1,12/05/2017,03/01/2025,91,"therapydog,dog_school",LL,CH,2,2,2,B,no,6,B,blue,white_swiss_shepherd,cooperative,yes,CH_LL,grey,0.8529786724013937,0.5416666666666667,1,-0.125,0.5,0.25
153,Cora2,displacement,no_displacement,false_belief,australian_shepherd,f,no,1,13/11/2020,18/12/2024,49,"agility,mantrailing,obedience",VB,CH,2,2,2,B,no,6,B,blue,australian_shepherd,cooperative,yes,CH_VB,grey,-0.2966436056847205,-0.45833333333333326,0,-0.125,0.5,0.25
154,Chilli7,no_displacement,no_displacement,knowledge,flat_coated_retriever,f,no,8,05/04/2018,05/01/2025,81,obedience,CH,VB,2,2,2,B,no,6,B,blue,flat_coated_retriever,cooperative,yes,VB_CH,grey,0.5792590823808903,-0.45833333333333326,1,-0.125,0.5,0.25
155,Baloo2,displacement,no_displacement,control,labrador_retriever,m,no,8,05/11/2019,13/01/2025,62,bgtv,CH,GR,4,4,2,B,no,10,B,grey,labrador_retriever,cooperative,yes,GR_CH,blue,0.059191861341933896,0.5416666666666667,-1,-0.125,-0.5,0.25
156,Daphne3,displacement,displacement,control,bobtail,f,no,1,23/07/2020,13/01/2025,53,no,LL,CH,2,3,2,B,1_in_phase_2,7,A,blue,bobtail,cooperative,no,CH_LL,blue,-0.18715576967651915,-0.45833333333333326,-1,-0.125,-0.5,-0.75
157,Kapa,displacement,no_displacement,knowledge,australian_shepherd,m,no,1,12/07/2022,08/01/2025,29,"begleithundpruefung, obedience",LL,CH,2,2,2,B,no,6,A,grey,australian_shepherd,cooperative,yes,CH_LL,grey,-0.8440827857257273,0.5416666666666667,1,-0.125,0.5,0.25
158,Abbey2,displacement,displacement,knowledge,labrador_retriever,f,yes,8,30/10/2012,09/01/2025,146,"therapydog, BGH, agility",CH,LL,2,2,2,B,no,6,A,grey,labrador_retriever,cooperative,yes,LL_CH,grey,2.358436417514162,-0.45833333333333326,1,-0.125,0.5,0.25
159,Milow5,displacement,displacement,false_belief,labrador_retriever,m,yes,8,17/03/2020,05/01/2025,57,therapydog,VB,CH,2,2,2,B,no,6,B,grey,labrador_retriever,cooperative,yes,CH_VB,blue,-0.0776679336683178,0.5416666666666667,0,-0.125,-0.5,0.25
160,Baghira2,no_displacement,displacement,knowledge,flat_coated_retriever,f,no,8,11/05/2024,05/01/2025,7,obedience,CH,VB,2,2,2,B,no,6,A,blue,flat_coated_retriever,cooperative,yes,VB_CH,blue,-1.4462658837708346,-0.45833333333333326,1,-0.125,-0.5,0.25
161,Kali3,displacement,displacement,false_belief,flat_coated_retriever,f,yes,8,10/12/2019,06/01/2025,60,therapydog,CH,LL,4,2,2,B,no,8,A,grey,flat_coated_retriever,cooperative,yes,LL_CH,grey,0.004447943337833219,-0.45833333333333326,0,-0.125,0.5,0.25
162,Phoebe7,no_displacement,displacement,knowledge,labrador_retriever,f,no,8,14/02/2021,11/01/2025,46,therapydog,CH,VB,2,2,2,B,no,6,B,blue,labrador_retriever,cooperative,yes,VB_CH,grey,-0.3787594826908715,-0.45833333333333326,1,-0.125,0.5,0.25
163,Apple2,displacement,displacement,false_belief,golden_retriever,f,yes,8,26/10/2015,06/01/2025,110,"therapydog, agility, dog_dance",CH,LL,2,2,2,B,no,6,A,grey,golden_retriever,cooperative,yes,LL_CH,grey,1.3730458934403502,-0.45833333333333326,0,-0.125,0.5,0.25
164,Nash3,no_displacement,displacement,false_belief,white_swiss_shepherd,m,no,1,25/06/2013,07/01/2025,138,"BGH, rescue_training, scent_training",LL,CH,3,3,2,B,no,8,A,blue,white_swiss_shepherd,cooperative,yes,CH_LL,blue,2.139460745497759,0.5416666666666667,0,-0.125,-0.5,0.25
165,Billie,displacement,no_displacement,false_belief,golden_retriever,f,no,8,30/10/2022,09/01/2025,26,"dummy, rally_obedience, obedience",CH,LL,2,2,2,B,no,6,A,blue,golden_retriever,cooperative,yes,LL_CH,blue,-0.9261986627318782,-0.45833333333333326,0,-0.125,-0.5,0.25
166,Lori2,no_displacement,displacement,knowledge,beagle,m,no,6,01/05/2024,13/01/2025,8,no,CH,LL,2,2,2,B,no,6,A,blue,beagle,independent,no,LL_CH,blue,-1.4188939247687844,0.5416666666666667,1,0.875,-0.5,-0.75
167,Nura,displacement,displacement,control,german_spitz,f,no,5,25/11/2016,17/01/2025,97,BGH2,CH,LL,4,2,2,B,no,8,B,blue,german_spitz,independent,yes,LL_CH,grey,1.0172104264136956,-0.45833333333333326,-1,0.875,0.5,0.25
168,Levi3,no_displacement,displacement,false_belief,golden_retriever,m,no,8,30/10/2022,09/01/2025,26,dummy,LL,CH,2,2,2,B,no,6,A,blue,golden_retriever,cooperative,yes,CH_LL,blue,-0.9261986627318782,0.5416666666666667,0,-0.125,-0.5,0.25
169,Breezy,displacement,no_displacement,control,italian_spinone,f,no,7,23/07/2021,20/01/2025,41,"therapiebegleithund, trickdog, hoopers, trail, rallyobedience",LL,GR,4,2,2,B,no,8,B,blue,italian_spinone,cooperative,yes,GR_LL,grey,-0.5156192777011231,-0.45833333333333326,-1,-0.125,0.5,0.25
170,Amica,no_displacement,no_displacement,control,german_spitz,f,yes,5,05/04/2015,20/01/2025,117,"stöbern, agility, BGH3",LL,CH,2,2,2,B,no,6,B,grey,german_spitz,independent,yes,CH_LL,blue,1.5646496064547024,-0.45833333333333326,-1,0.875,-0.5,0.25
171,Roku,displacement,displacement,control,mudi,m,no,1,23/04/2020,25/01/2025,57,discdogging,CH,VB,3,3,2,B,no,8,A,grey,mudi,cooperative,yes,VB_CH,grey,-0.0776679336683178,0.5416666666666667,-1,-0.125,0.5,0.25
172,Kaya3,displacement,displacement,control,samojede,f,no,5,20/03/2020,30/01/2025,58,therapydog,CH,GR,3,2,2,B,1_in_phase_1,7,B,grey,samoyed,independent,yes,GR_CH,blue,-0.05029597466626746,-0.45833333333333326,-1,0.875,-0.5,0.25
173,Quintus,displacement,no_displacement,knowledge,hovawart,m,yes,2,14/05/2019,17/01/2025,68,obedience,GR,LL,4,2,2,B,no,8,B,grey,hovawart,cooperative,yes,LL_GR,blue,0.2234236153542359,0.5416666666666667,1,-0.125,-0.5,0.25
174,Lea4,no_displacement,displacement,knowledge,cocker_spaniel,f,no,8,15/12/2023,17/01/2025,13,dog_school,LL,CH,2,2,2,B,no,6,B,grey,cocker_spaniel,cooperative,yes,CH_LL,blue,-1.2820341297585327,-0.45833333333333326,1,-0.125,-0.5,0.25
175,Niki4,no_displacement,displacement,knowledge,german_spitz,f,no,5,13/11/2017,19/01/2025,86,no,GR,VB,2,2,4,B,no,8,B,blue,german_spitz,independent,no,VB_GR,grey,0.716118877391142,-0.45833333333333326,1,0.875,0.5,-0.75
176,Knoedl,no_displacement,displacement,false_belief,welsh_corgi_pembroke,m,yes_chip,1,14/02/2020,11/01/2025,58,therapydog,CH,VB,3,2,2,B,1_in_phase_1,7,A,grey,welsh_corgi,cooperative,yes,VB_CH,grey,-0.05029597466626746,0.5416666666666667,0,-0.125,0.5,0.25
177,Nash4,displacement,no_displacement,control,border_collie,m,yes,1,06/07/2021,29/01/2025,42,"obedience, agility",CH,VB,2,2,2,B,no,6,B,blue,border_collie,cooperative,yes,VB_CH,grey,-0.48824731869907284,0.5416666666666667,-1,-0.125,0.5,0.25
178,Harry3,displacement,no_displacement,control,beagle,m,yes,6,01/04/2020,30/01/2025,57,medical_training,VB,GR,2,2,2,B,no,6,B,blue,beagle,independent,yes,GR_VB,grey,-0.0776679336683178,0.5416666666666667,-1,0.875,0.5,0.25
179,Nico7,no_displacement,no_displacement,knowledge,german_spitz,m,yes,5,01/10/2015,20/01/2025,111,"agility, BGH3",CH,LL,2,2,3,B,no,7,B,blue,german_spitz,independent,yes,LL_CH,grey,1.4004178524424005,0.5416666666666667,1,0.875,0.5,0.25
180,Dunni,displacement,no_displacement,knowledge,miniature_pinscher,f,yes,2,21/02/2020,02/02/2025,59,"agility, obedience, rally_obedience, racing",GR,VB,2,2,2,B,no,6,B,blue,miniature_pinscher,cooperative,yes,VB_GR,grey,-0.022924015664217118,-0.45833333333333326,1,-0.125,0.5,0.25
181,Maja7,displacement,no_displacement,false_belief,miniature_american_shepherd,f,no,1,16/04/2021,09/01/2025,44,therapydog,VB,CH,2,2,2,B,no,6,A,grey,miniature_american_shepherd,cooperative,yes,CH_VB,grey,-0.4335034006949722,-0.45833333333333326,0,-0.125,0.5,0.25
182,Nara,displacement,no_displacement,knowledge,bohemian_shepherd_dog,f,no,1,05/12/2023,25/01/2025,13,unterordnung,CH,VB,2,4,3,B,no,9,B,grey,bohemian_shepherd_dog,cooperative,yes,VB_CH,blue,-1.2820341297585327,-0.45833333333333326,1,-0.125,-0.5,0.25
183,Darcy,displacement,displacement,control,portuguese_water_dog,f,no,8,27/04/2022,01/02/2025,33,"agility, hoopers, longieren",VB,GR,2,2,2,B,no,6,B,grey,portuguese_water_dog,cooperative,yes,GR_VB,blue,-0.7345949497175259,-0.45833333333333326,-1,-0.125,-0.5,0.25
184,Maya8,displacement,displacement,knowledge,labrador_retriever,f,no,8,28/06/2020,27/01/2025,54,no,VB,LL,2,2,2,B,no,6,A,grey,labrador_retriever,cooperative,no,LL_VB,grey,-0.1597838106744688,-0.45833333333333326,1,-0.125,0.5,-0.75
185,Vanja,displacement,displacement,control,portuguese_water_dog,f,no,8,30/09/2018,01/02/2025,76,"agility, hoopers, longieren",GR,VB,2,2,2,B,no,6,A,grey,portuguese_water_dog,cooperative,yes,VB_GR,grey,0.4423992873706386,-0.45833333333333326,-1,-0.125,0.5,0.25
186,Nanouk3,displacement,no_displacement,false_belief,german_spitz,m,no,5,04/02/2013,19/01/2025,143,no,VB,GR,2,2,2,B,no,6,A,grey,german_spitz,independent,no,GR_VB,grey,2.276320540508011,0.5416666666666667,0,0.875,0.5,-0.75
187,Aramis8,displacement,no_displacement,false_belief,german_spitz,m,no,5,06/07/2021,24/01/2025,42,"BGH2, obdience, dog_school, rally_obedience",LL,CH,2,2,2,B,no,6,B,grey,german_spitz,independent,yes,CH_LL,blue,-0.48824731869907284,0.5416666666666667,0,0.875,-0.5,0.25
188,Kiani,displacement,no_displacement,false_belief,whippet,f,yes,10,05/02/2018,25/01/2025,83,obedience,VB,CH,3,2,2,B,no,7,B,blue,whippet,independent,yes,CH_VB,grey,0.634003000384991,-0.45833333333333326,0,0.875,0.5,0.25
189,Bruno5,no_displacement,displacement,knowledge,romagna_water_dog,m,no,8,27/04/2023,27/01/2025,21,BGH,LL,VB,2,2,2,B,no,6,B,blue,romagna_water_dog,cooperative,yes,VB_LL,grey,-1.06305845774213,0.5416666666666667,1,-0.125,0.5,0.25
190,Alesha,displacement,no_displacement,knowledge,greyhound,f,yes,10,12/08/2022,30/01/2025,29,racing,GR,VB,2,4,2,B,2_in_phase_2,8,A,blue,greyhound,independent,yes,VB_GR,blue,-0.8440827857257273,-0.45833333333333326,1,0.875,-0.5,0.25
191,Jake,no_displacement,no_displacement,control,border_collie,m,yes,1,19/09/2017,03/02/2025,88,"rescue_training, obedience, rally, scent_training",LL,VB,2,2,2,B,no,6,B,grey,border_collie,cooperative,yes,VB_LL,blue,0.7708627953952427,0.5416666666666667,-1,-0.125,-0.5,0.25
192,Ylvi4,no_displacement,no_displacement,false_belief,german_spitz,f,no,5,06/07/2021,25/01/2025,42,BGH,VB,CH,4,2,2,B,no,8,B,blue,german_spitz,independent,yes,CH_VB,grey,-0.48824731869907284,-0.45833333333333326,0,0.875,0.5,0.25
193,Luise2,no_displacement,displacement,control,white_swiss_shepherd,f,yes,1,04/08/2016,03/02/2025,101,rescue_training,LL,VB,2,3,2,B,no,7,B,grey,white_swiss_shepherd,cooperative,yes,VB_LL,blue,1.126698262421897,-0.45833333333333326,-1,-0.125,-0.5,0.25
194,Kalea2,no_displacement,no_displacement,false_belief,flat_coated_retriever,f,yes,8,19/02/2020,29/01/2025,59,mantrailing,VB,CH,2,2,2,B,no,6,B,blue,flat_coated_retriever,cooperative,yes,CH_VB,grey,-0.022924015664217118,-0.45833333333333326,0,-0.125,0.5,0.25
195,Kimi3,no_displacement,no_displacement,control,appenzell_cattle_dog,m,yes,2,21/05/2021,03/02/2025,44,"dockdiving, hoopers",VB,LL,2,2,2,B,no,6,A,grey,appenzell_cattle_dog,cooperative,yes,LL_VB,grey,-0.4335034006949722,0.5416666666666667,-1,-0.125,0.5,0.25
196,Smilla,displacement,displacement,false_belief,portuguese_water_dog,f,yes,8,16/06/2018,02/02/2025,79,obedience,GR,VB,2,2,2,B,no,6,A,grey,portuguese_water_dog,cooperative,yes,VB_GR,grey,0.5245151643767897,-0.45833333333333326,0,-0.125,0.5,0.25
197,Devin,displacement,no_displacement,knowledge,border_collie,m,yes,1,01/02/2018,02/02/2025,84,"mantrailing, agility, hoopers",GR,VB,2,2,2,B,no,6,B,grey,border_collie,cooperative,yes,VB_GR,blue,0.6613749593870413,0.5416666666666667,1,-0.125,-0.5,0.25
198,Fleet,displacement,displacement,control,border_collie,m,yes,1,03/05/2019,07/02/2025,69,"agility, rally_obedience",LL,VB,2,2,2,B,no,6,B,blue,border_collie,cooperative,yes,VB_LL,grey,0.25079557435628624,0.5416666666666667,-1,-0.125,0.5,0.25
199,Aiko4,no_displacement,no_displacement,control,whippet,f,no,10,01/05/2023,07/02/2025,21,no,VB,LL,2,2,2,B,no,6,B,blue,whippet,independent,no,LL_VB,grey,-1.06305845774213,-0.45833333333333326,-1,0.875,0.5,-0.75
200,Aaron2,displacement,displacement,knowledge,hungarian_shorthaired_pointer,m,yes,7,29/05/2021,02/02/2025,44,trailing,GR,VB,2,4,2,B,1_in_phase_2,8,B,grey,hungarian_shorthaired_pointer,cooperative,yes,VB_GR,blue,-0.4335034006949722,0.5416666666666667,1,-0.125,-0.5,0.25
201,Schoko5,no_displacement,displacement,false_belief,border_collie,f,no,1,20/06/2020,02/02/2025,55,"agility, rescue_training",VB,GR,2,2,2,B,no,6,B,grey,border_collie,cooperative,yes,GR_VB,blue,-0.13241185167241848,-0.45833333333333326,0,-0.125,-0.5,0.25
202,Prion,displacement,displacement,knowledge,french_water_dog,m,yes_chip,8,03/10/2019,07/02/2025,64,therapiebegleithund,LL,VB,2,2,2,B,no,6,B,blue,french_water_dog,cooperative,yes,VB_LL,grey,0.11393577934603458,0.5416666666666667,1,-0.125,0.5,0.25
203,Lupo3,displacement,no_displacement,false_belief,white_swiss_shepherd,m,yes,1,16/04/2016,03/02/2025,105,rescue_training,LL,VB,2,3,2,B,1_in_phase_2,7,B,grey,white_swiss_shepherd,cooperative,yes,VB_LL,blue,1.2361860984300985,0.5416666666666667,0,-0.125,-0.5,0.25
204,Eddie,no_displacement,displacement,false_belief,dalmatian,m,no,6,01/06/2019,03/02/2025,68,"rescue_training, dummy, obedience",LL,VB,2,2,2,B,no,6,A,grey,dalmatian,independent,yes,VB_LL,grey,0.2234236153542359,0.5416666666666667,0,0.875,0.5,0.25
205,Moritz4,no_displacement,no_displacement,false_belief,hungarian_shorthaired_pointer,m,no,7,04/03/2024,10/02/2025,11,hunting,LL,VB,2,2,2,B,2_in_phase_2,8,A,blue,hungarian_shorthaired_pointer,cooperative,yes,VB_LL,blue,-1.3367780477626334,0.5416666666666667,0,-0.125,-0.5,0.25
206,Georgina,no_displacement,displacement,knowledge,bernese_mountain_dog,f,no,2,04/06/2023,07/02/2025,20,no,LL,VB,2,2,2,B,no,6,A,grey,bernese_mountain_dog,cooperative,no,VB_LL,grey,-1.0904304167441803,-0.45833333333333326,1,-0.125,0.5,-0.75
207,Miharu,no_displacement,no_displacement,false_belief,akita_inu,f,yes,5,11/10/2016,11/02/2025,100,"dummy_training, obedience, hundefitness",VB,LL,4,2,2,B,1_in_phase1,8,B,blue,akita_inu,independent,yes,LL_VB,grey,1.0993263034198468,-0.45833333333333326,0,0.875,0.5,0.25
208,Rica,displacement,no_displacement,knowledge,australian_cattle_dog,f,yes,1,02/07/2017,11/02/2025,91,"assistance_dog, herding, agility, dog_dance",VB,LL,2,2,2,B,no,6,B,blue,australian_cattle_dog,cooperative,yes,LL_VB,grey,0.8529786724013937,-0.45833333333333326,1,-0.125,0.5,0.25
209,Broesal,no_displacement,displacement,control,spanish_water_dog,f,yes,8,03/04/2023,14/02/2025,22,dog_school,LL,VB,2,2,2,B,no,6,B,grey,spanish_water_dog,cooperative,yes,VB_LL,blue,-1.0356864987400796,-0.45833333333333326,-1,-0.125,-0.5,0.25
210,Mara3,no_displacement,displacement,control,french_water_dog,f,no,8,09/06/2020,14/02/2025,56,no,VB,LL,2,2,2,B,no,6,B,blue,french_water_dog,cooperative,no,LL_VB,grey,-0.10503989267036813,-0.45833333333333326,-1,-0.125,0.5,-0.75
211,Watson2,no_displacement,no_displacement,control,flat_coated_retriever,m,yes_chip,8,01/08/2023,14/02/2025,18,"mantrailing, search_training",VB,LL,2,2,2,B,no,6,B,blue,flat_coated_retriever,cooperative,yes,LL_VB,grey,-1.145174334748281,0.5416666666666667,-1,-0.125,0.5,0.25
212,Ryuu,displacement,no_displacement,knowledge,akita_inu,m,no,5,03/12/2015,11/02/2025,110,"mantrailing, dummy_training, obedience, hundefitness",VB,LL,2,2,2,B,no,6,B,blue,akita_inu,independent,yes,LL_VB,grey,1.3730458934403502,0.5416666666666667,1,0.875,0.5,0.25
213,Jabby,displacement,no_displacement,false_belief,romagna_water_dog,f,yes,8,16/08/2019,11/02/2025,65,"truffle_search, degility",LL,VB,2,2,2,B,no,6,B,grey,romagna_water_dog,cooperative,yes,VB_LL,blue,0.1413077383480849,-0.45833333333333326,0,-0.125,-0.5,0.25
214,Fenja4,displacement,no_displacement,knowledge,icelandic_sheepdog,f,no,5,08/01/2014,16/02/2025,133,rally_obedience,VB,LL,2,2,2,B,no,6,B,grey,icelandic_sheepdog,independent,yes,LL_VB,blue,2.0026009504875075,-0.45833333333333326,1,0.875,-0.5,0.25
215,Luna41,no_displacement,displacement,knowledge,portuguese_water_dog,f,yes,8,20/05/2020,14/02/2025,56,agility,LL,VB,4,2,2,B,no,8,B,grey,portuguese_water_dog,cooperative,yes,VB_LL,blue,-0.10503989267036813,-0.45833333333333326,1,-0.125,-0.5,0.25
216,Moriarty,no_displacement,no_displacement,false_belief,border_collie,m,yes,1,12/12/2018,14/02/2025,74,"mantrailing, sled_dog",VB,LL,4,2,2,B,no,8,A,blue,border_collie,cooperative,yes,LL_VB,blue,0.38765536936653794,0.5416666666666667,0,-0.125,-0.5,0.25
217,Nanouk4,displacement,no_displacement,control,icelandic_sheepdog,m,no,5,20/11/2021,17/02/2025,38,"BGH1, therapy_dog",LL,VB,2,2,2,B,no,6,A,blue,icelandic_sheepdog,independent,yes,VB_LL,blue,-0.5977351547072742,0.5416666666666667,-1,0.875,-0.5,0.25
218,Luna42,displacement,no_displacement,control,basenji,f,yes,5,04/01/2021,17/02/2025,49,racing,VB,LL,2,2,2,B,no,6,B,grey,basenji,independent,yes,LL_VB,blue,-0.2966436056847205,-0.45833333333333326,-1,0.875,-0.5,0.25
219,Bibi3,no_displacement,displacement,false_belief,miniature_pinscher,f,yes,2,10/10/2023,16/02/2025,16,no,LL,VB,4,2,2,B,no,8,A,blue,miniature_pinscher,cooperative,no,VB_LL,blue,-1.1999182527523817,-0.45833333333333326,0,-0.125,-0.5,-0.75
220,Vincent,no_displacement,no_displacement,knowledge,portuguese_water_dog,m,no,8,27/07/2020,16/02/2025,54,"obedience, mantrailing",LL,VB,2,2,2,B,no,6,B,blue,portuguese_water_dog,cooperative,yes,VB_LL,grey,-0.1597838106744688,0.5416666666666667,1,-0.125,0.5,0.25
221,Nika3,displacement,displacement,control,nova_scotia_duck_tolling_retriever,f,no,8,01/02/2021,17/02/2025,48,hunting,LL,VB,2,2,2,B,no,6,B,blue,nova_scotia_duck_tolling_retriever,cooperative,yes,VB_LL,grey,-0.32401556468677084,-0.45833333333333326,-1,-0.125,0.5,0.25
222,Charly9,displacement,displacement,knowledge,kleiner_muensterlaender,m,yes,7,04/07/2016,17/02/2025,103,hunting,VB,LL,4,2,2,B,no,8,B,blue,kleiner_muensterlaender,cooperative,yes,LL_VB,grey,1.1814421804259978,0.5416666666666667,1,-0.125,0.5,0.25
223,Nemo2,no_displacement,no_displacement,control,labrador_retriever,m,no,8,29/01/2019,18/02/2025,72,no,VB,LL,2,4,2,B,no,8,B,blue,labrador_retriever,cooperative,no,LL_VB,grey,0.33291145136243727,0.5416666666666667,-1,-0.125,0.5,-0.75
224,Pablo2,no_displacement,no_displacement,knowledge,portuguese_water_dog,m,no,8,26/10/2014,21/02/2025,123,no,LL,VB,4,2,2,B,no,8,B,grey,portuguese_water_dog,cooperative,no,VB_LL,blue,1.7288813604670046,0.5416666666666667,1,-0.125,-0.5,-0.75
225,Amigo4,displacement,no_displacement,false_belief,miniature_pinscher,m,yes,2,23/01/2018,16/02/2025,84,no,LL,VB,2,2,2,B,no,6,B,grey,miniature_pinscher,cooperative,no,VB_LL,blue,0.6613749593870413,0.5416666666666667,0,-0.125,-0.5,-0.75
226,Yaba,displacement,no_displacement,false_belief,bernese_mountain_dog,f,no,2,18/06/2024,17/02/2025,7,"puppy_class, begleithund",VB,LL,4,2,2,B,no,8,A,blue,bernese_mountain_dog,cooperative,yes,LL_VB,blue,-1.4462658837708346,-0.45833333333333326,0,-0.125,-0.5,0.25
227,Bonita2,no_displacement,displacement,false_belief,portuguese_water_dog,f,yes,8,10/02/2018,18/02/2025,84,breitensport,VB,LL,2,2,2,B,no,6,A,blue,portuguese_water_dog,cooperative,yes,LL_VB,blue,0.6613749593870413,-0.45833333333333326,0,-0.125,-0.5,0.25
228,Caletto,no_displacement,displacement,control,dalmatian,m,yes,6,12/03/2021,21/02/2025,47,no,LL,VB,2,2,2,B,no,6,A,blue,dalmatian,independent,no,VB_LL,blue,-0.35138752368882115,0.5416666666666667,-1,0.875,-0.5,-0.75
229,Olaf,displacement,displacement,knowledge,bullmastiff,m,no,2,25/12/2023,21/02/2025,13,obedience,VB,LL,3,2,2,B,no,7,A,grey,bullmastiff,cooperative,yes,LL_VB,grey,-1.2820341297585327,0.5416666666666667,1,-0.125,0.5,0.25
230,Elda,displacement,displacement,false_belief,icelandic_sheepdog,f,no,5,17/05/2023,21/02/2025,21,no,LL,VB,2,3,2,B,no,7,A,grey,icelandic_sheepdog,independent,no,VB_LL,grey,-1.06305845774213,-0.45833333333333326,0,0.875,0.5,-0.75
231,Hella,no_displacement,no_displacement,false_belief,romagna_water_dog,f,no,8,08/09/2022,21/02/2025,29,"truffle_search, obedience",VB,LL,2,2,2,B,no,6,B,blue,romagna_water_dog,cooperative,yes,LL_VB,grey,-0.8440827857257273,-0.45833333333333326,0,-0.125,0.5,0.25
232,Emilio2,no_displacement,no_displacement,false_belief,flat_coated_retriever,m,no,8,14/10/2020,24/02/2025,52,"rally_obedience, BGH1",LL,VB,2,2,2,B,no,6,A,grey,flat_coated_retriever,cooperative,yes,VB_LL,grey,-0.21452772867856948,0.5416666666666667,0,-0.125,0.5,0.25
233,Ramses,displacement,displacement,knowledge,labrador_retriever,m,no,8,22/11/2019,24/02/2025,63,"rally_obedience, stöbern",LL,VB,2,2,2,B,no,6,B,grey,labrador_retriever,cooperative,yes,VB_LL,blue,0.08656382034398423,0.5416666666666667,1,-0.125,-0.5,0.25
234,Lina6,displacement,displacement,knowledge,miniature_pinscher,f,yes,2,28/09/2018,27/02/2025,76,agility,VB,LL,2,3,2,B,no,7,A,blue,miniature_pinscher,cooperative,yes,LL_VB,blue,0.4423992873706386,-0.45833333333333326,1,-0.125,-0.5,0.25
235,Nyla,no_displacement,no_displacement,knowledge,french_water_dog,f,no,8,01/04/2022,28/02/2025,34,no,LL,VB,2,2,2,B,no,6,B,blue,french_water_dog,cooperative,no,VB_LL,blue,-0.7072229907154756,-0.45833333333333326,1,-0.125,-0.5,-0.75
236,Merali,displacement,displacement,false_belief,german_wirehaired_pointer,f,no,7,12/05/2024,28/02/2025,9,"hunting, dummy",VB,LL,4,2,2,B,no,8,A,grey,german_wirehaired_pointer,cooperative,yes,LL_VB,grey,-1.391521965766734,-0.45833333333333326,0,-0.125,0.5,0.25
237,Arya3,no_displacement,no_displacement,knowledge,border_collie,f,no,1,05/05/2024,28/02/2025,9,no,VB,LL,2,2,2,B,no,6,A,grey,border_collie,cooperative,no,LL_VB,grey,-1.391521965766734,-0.45833333333333326,1,-0.125,0.5,-0.75
238,Louie4,no_displacement,no_displacement,control,miniature_pinscher,m,yes,2,24/07/2015,27/02/2025,115,"agility, obedience, tricktraining",VB,LL,2,2,2,B,no,6,B,blue,miniature_pinscher,cooperative,yes,LL_VB,grey,1.5099056884506017,0.5416666666666667,-1,-0.125,0.5,0.25
239,Ivy7,displacement,displacement,control,miniature_pinscher,f,yes,2,15/10/2023,18/02/2025,16,no,LL,VB,2,2,2,B,no,6,B,blue,miniature_pinscher,cooperative,no,VB_LL,grey,-1.1999182527523817,-0.45833333333333326,-1,-0.125,0.5,-0.75
240,Vilma,no_displacement,displacement,control,hungarian_shorthaired_pointer,f,no,7,20/05/2022,28/02/2025,33,"BGH, nosework",LL,VB,2,4,4,B,1_in_phase2,10,B,grey,hungarian_shorthaired_pointer,cooperative,yes,VB_LL,blue,-0.7345949497175259,-0.45833333333333326,-1,-0.125,-0.5,0.25
